文件名,部落,阶段,提示词
art/_raw/egg_sun.png,日月族,egg,"Cute collectible monster character for a children's Chinese learning game. Style: clean 2D vector-like illustration, thick dark outline, flat colors with soft cel shading, big glossy eyes, rounded shapes, kawaii, consistent front 3/4 view, soft top-left lighting. Full body, centered, nothing cropped. Plain pure white background. No text, no letters, no watermark, no frame. A cute monster egg for the tribe '日月族', main palette sky blue #5AB6FF with cream white accents. Smooth egg with a soft pattern hinting at what is inside: a round little sun spirit with a crescent-moon tail; warm gold body, sleepy half-moon eyes, tiny rays like a crown. A few tiny cracks, sitting on a small nest. Same style as the reference images."
art/_raw/tribe_sun_1.png,日月族,1,"Cute collectible monster character for a children's Chinese learning game. Style: clean 2D vector-like illustration, thick dark outline, flat colors with soft cel shading, big glossy eyes, rounded shapes, kawaii, consistent front 3/4 view, soft top-left lighting. Full body, centered, nothing cropped. Plain pure white background. No text, no letters, no watermark, no frame. Main palette sky blue #5AB6FF with cream white accents. Baby form: egg-shaped body, head is 60% of the body, stubby limbs or none, curious innocent expression, small and simple. Character concept: a round little sun spirit with a crescent-moon tail; warm gold body, sleepy half-moon eyes, tiny rays like a crown. The three stages of this character must read as the same creature growing up. Same style as the reference images."
art/_raw/tribe_sun_2.png,日月族,2,"Cute collectible monster character for a children's Chinese learning game. Style: clean 2D vector-like illustration, thick dark outline, flat colors with soft cel shading, big glossy eyes, rounded shapes, kawaii, consistent front 3/4 view, soft top-left lighting. Full body, centered, nothing cropped. Plain pure white background. No text, no letters, no watermark, no frame. Main palette sky blue #5AB6FF with cream white accents. Teen form: proper arms and legs, standing confidently, holds ONE small prop related to its tribe, cheerful expression, medium detail. Character concept: a round little sun spirit with a crescent-moon tail; warm gold body, sleepy half-moon eyes, tiny rays like a crown. The three stages of this character must read as the same creature growing up. Same style as the reference images."
art/_raw/tribe_sun_3.png,日月族,3,"Cute collectible monster character for a children's Chinese learning game. Style: clean 2D vector-like illustration, thick dark outline, flat colors with soft cel shading, big glossy eyes, rounded shapes, kawaii, consistent front 3/4 view, soft top-left lighting. Full body, centered, nothing cropped. Plain pure white background. No text, no letters, no watermark, no frame. Main palette sky blue #5AB6FF with cream white accents. King form: taller heroic proportions, a royal cape and a small crown, a glowing aura of its element behind it, proud smile, most detailed. Character concept: a round little sun spirit with a crescent-moon tail; warm gold body, sleepy half-moon eyes, tiny rays like a crown. The three stages of this character must read as the same creature growing up. Same style as the reference images."
art/_raw/egg_wind.png,风雨族,egg,"Cute collectible monster character for a children's Chinese learning game. Style: clean 2D vector-like illustration, thick dark outline, flat colors with soft cel shading, big glossy eyes, rounded shapes, kawaii, consistent front 3/4 view, soft top-left lighting. Full body, centered, nothing cropped. Plain pure white background. No text, no letters, no watermark, no frame. A cute monster egg for the tribe '风雨族', main palette sky blue #5AB6FF with cream white accents. Smooth egg with a soft pattern hinting at what is inside: a fluffy cloud creature with raindrop feet and a little swirl of wind for a tail; pale blue and white. A few tiny cracks, sitting on a small nest. Same style as the reference images."
art/_raw/tribe_wind_1.png,风雨族,1,"Cute collectible monster character for a children's Chinese learning game. Style: clean 2D vector-like illustration, thick dark outline, flat colors with soft cel shading, big glossy eyes, rounded shapes, kawaii, consistent front 3/4 view, soft top-left lighting. Full body, centered, nothing cropped. Plain pure white background. No text, no letters, no watermark, no frame. Main palette sky blue #5AB6FF with cream white accents. Baby form: egg-shaped body, head is 60% of the body, stubby limbs or none, curious innocent expression, small and simple. Character concept: a fluffy cloud creature with raindrop feet and a little swirl of wind for a tail; pale blue and white. The three stages of this character must read as the same creature growing up. Same style as the reference images."
art/_raw/tribe_wind_2.png,风雨族,2,"Cute collectible monster character for a children's Chinese learning game. Style: clean 2D vector-like illustration, thick dark outline, flat colors with soft cel shading, big glossy eyes, rounded shapes, kawaii, consistent front 3/4 view, soft top-left lighting. Full body, centered, nothing cropped. Plain pure white background. No text, no letters, no watermark, no frame. Main palette sky blue #5AB6FF with cream white accents. Teen form: proper arms and legs, standing confidently, holds ONE small prop related to its tribe, cheerful expression, medium detail. Character concept: a fluffy cloud creature with raindrop feet and a little swirl of wind for a tail; pale blue and white. The three stages of this character must read as the same creature growing up. Same style as the reference images."
art/_raw/tribe_wind_3.png,风雨族,3,"Cute collectible monster character for a children's Chinese learning game. Style: clean 2D vector-like illustration, thick dark outline, flat colors with soft cel shading, big glossy eyes, rounded shapes, kawaii, consistent front 3/4 view, soft top-left lighting. Full body, centered, nothing cropped. Plain pure white background. No text, no letters, no watermark, no frame. Main palette sky blue #5AB6FF with cream white accents. King form: taller heroic proportions, a royal cape and a small crown, a glowing aura of its element behind it, proud smile, most detailed. Character concept: a fluffy cloud creature with raindrop feet and a little swirl of wind for a tail; pale blue and white. The three stages of this character must read as the same creature growing up. Same style as the reference images."
art/_raw/egg_bird.png,鸟羽族,egg,"Cute collectible monster character for a children's Chinese learning game. Style: clean 2D vector-like illustration, thick dark outline, flat colors with soft cel shading, big glossy eyes, rounded shapes, kawaii, consistent front 3/4 view, soft top-left lighting. Full body, centered, nothing cropped. Plain pure white background. No text, no letters, no watermark, no frame. A cute monster egg for the tribe '鸟羽族', main palette sky blue #5AB6FF with cream white accents. Smooth egg with a soft pattern hinting at what is inside: a chubby songbird with one big feather on its head; sky blue with a cream belly. A few tiny cracks, sitting on a small nest. Same style as the reference images."
art/_raw/tribe_bird_1.png,鸟羽族,1,"Cute collectible monster character for a children's Chinese learning game. Style: clean 2D vector-like illustration, thick dark outline, flat colors with soft cel shading, big glossy eyes, rounded shapes, kawaii, consistent front 3/4 view, soft top-left lighting. Full body, centered, nothing cropped. Plain pure white background. No text, no letters, no watermark, no frame. Main palette sky blue #5AB6FF with cream white accents. Baby form: egg-shaped body, head is 60% of the body, stubby limbs or none, curious innocent expression, small and simple. Character concept: a chubby songbird with one big feather on its head; sky blue with a cream belly. The three stages of this character must read as the same creature growing up. Same style as the reference images."
art/_raw/tribe_bird_2.png,鸟羽族,2,"Cute collectible monster character for a children's Chinese learning game. Style: clean 2D vector-like illustration, thick dark outline, flat colors with soft cel shading, big glossy eyes, rounded shapes, kawaii, consistent front 3/4 view, soft top-left lighting. Full body, centered, nothing cropped. Plain pure white background. No text, no letters, no watermark, no frame. Main palette sky blue #5AB6FF with cream white accents. Teen form: proper arms and legs, standing confidently, holds ONE small prop related to its tribe, cheerful expression, medium detail. Character concept: a chubby songbird with one big feather on its head; sky blue with a cream belly. The three stages of this character must read as the same creature growing up. Same style as the reference images."
art/_raw/tribe_bird_3.png,鸟羽族,3,"Cute collectible monster character for a children's Chinese learning game. Style: clean 2D vector-like illustration, thick dark outline, flat colors with soft cel shading, big glossy eyes, rounded shapes, kawaii, consistent front 3/4 view, soft top-left lighting. Full body, centered, nothing cropped. Plain pure white background. No text, no letters, no watermark, no frame. Main palette sky blue #5AB6FF with cream white accents. King form: taller heroic proportions, a royal cape and a small crown, a glowing aura of its element behind it, proud smile, most detailed. Character concept: a chubby songbird with one big feather on its head; sky blue with a cream belly. The three stages of this character must read as the same creature growing up. Same style as the reference images."
art/_raw/egg_fire.png,火光族,egg,"Cute collectible monster character for a children's Chinese learning game. Style: clean 2D vector-like illustration, thick dark outline, flat colors with soft cel shading, big glossy eyes, rounded shapes, kawaii, consistent front 3/4 view, soft top-left lighting. Full body, centered, nothing cropped. Plain pure white background. No text, no letters, no watermark, no frame. A cute monster egg for the tribe '火光族', main palette orange-red #FF6B35 with golden yellow accents. Smooth egg with a soft pattern hinting at what is inside: a little flame salamander, orange-red body, the flame on its head shaped like the character 火. A few tiny cracks, sitting on a small nest. Same style as the reference images."
art/_raw/tribe_fire_1.png,火光族,1,"Cute collectible monster character for a children's Chinese learning game. Style: clean 2D vector-like illustration, thick dark outline, flat colors with soft cel shading, big glossy eyes, rounded shapes, kawaii, consistent front 3/4 view, soft top-left lighting. Full body, centered, nothing cropped. Plain pure white background. No text, no letters, no watermark, no frame. Main palette orange-red #FF6B35 with golden yellow accents. Baby form: egg-shaped body, head is 60% of the body, stubby limbs or none, curious innocent expression, small and simple. Character concept: a little flame salamander, orange-red body, the flame on its head shaped like the character 火. The three stages of this character must read as the same creature growing up. Same style as the reference images."
art/_raw/tribe_fire_2.png,火光族,2,"Cute collectible monster character for a children's Chinese learning game. Style: clean 2D vector-like illustration, thick dark outline, flat colors with soft cel shading, big glossy eyes, rounded shapes, kawaii, consistent front 3/4 view, soft top-left lighting. Full body, centered, nothing cropped. Plain pure white background. No text, no letters, no watermark, no frame. Main palette orange-red #FF6B35 with golden yellow accents. Teen form: proper arms and legs, standing confidently, holds ONE small prop related to its tribe, cheerful expression, medium detail. Character concept: a little flame salamander, orange-red body, the flame on its head shaped like the character 火. The three stages of this character must read as the same creature growing up. Same style as the reference images."
art/_raw/tribe_fire_3.png,火光族,3,"Cute collectible monster character for a children's Chinese learning game. Style: clean 2D vector-like illustration, thick dark outline, flat colors with soft cel shading, big glossy eyes, rounded shapes, kawaii, consistent front 3/4 view, soft top-left lighting. Full body, centered, nothing cropped. Plain pure white background. No text, no letters, no watermark, no frame. Main palette orange-red #FF6B35 with golden yellow accents. King form: taller heroic proportions, a royal cape and a small crown, a glowing aura of its element behind it, proud smile, most detailed. Character concept: a little flame salamander, orange-red body, the flame on its head shaped like the character 火. The three stages of this character must read as the same creature growing up. Same style as the reference images."
art/_raw/egg_metal.png,金铁族,egg,"Cute collectible monster character for a children's Chinese learning game. Style: clean 2D vector-like illustration, thick dark outline, flat colors with soft cel shading, big glossy eyes, rounded shapes, kawaii, consistent front 3/4 view, soft top-left lighting. Full body, centered, nothing cropped. Plain pure white background. No text, no letters, no watermark, no frame. A cute monster egg for the tribe '金铁族', main palette orange-red #FF6B35 with golden yellow accents. Smooth egg with a soft pattern hinting at what is inside: a small golden robot-bell with rivets, shiny brass body, a tiny hammer tail. A few tiny cracks, sitting on a small nest. Same style as the reference images."
art/_raw/tribe_metal_1.png,金铁族,1,"Cute collectible monster character for a children's Chinese learning game. Style: clean 2D vector-like illustration, thick dark outline, flat colors with soft cel shading, big glossy eyes, rounded shapes, kawaii, consistent front 3/4 view, soft top-left lighting. Full body, centered, nothing cropped. Plain pure white background. No text, no letters, no watermark, no frame. Main palette orange-red #FF6B35 with golden yellow accents. Baby form: egg-shaped body, head is 60% of the body, stubby limbs or none, curious innocent expression, small and simple. Character concept: a small golden robot-bell with rivets, shiny brass body, a tiny hammer tail. The three stages of this character must read as the same creature growing up. Same style as the reference images."
art/_raw/tribe_metal_2.png,金铁族,2,"Cute collectible monster character for a children's Chinese learning game. Style: clean 2D vector-like illustration, thick dark outline, flat colors with soft cel shading, big glossy eyes, rounded shapes, kawaii, consistent front 3/4 view, soft top-left lighting. Full body, centered, nothing cropped. Plain pure white background. No text, no letters, no watermark, no frame. Main palette orange-red #FF6B35 with golden yellow accents. Teen form: proper arms and legs, standing confidently, holds ONE small prop related to its tribe, cheerful expression, medium detail. Character concept: a small golden robot-bell with rivets, shiny brass body, a tiny hammer tail. The three stages of this character must read as the same creature growing up. Same style as the reference images."
art/_raw/tribe_metal_3.png,金铁族,3,"Cute collectible monster character for a children's Chinese learning game. Style: clean 2D vector-like illustration, thick dark outline, flat colors with soft cel shading, big glossy eyes, rounded shapes, kawaii, consistent front 3/4 view, soft top-left lighting. Full body, centered, nothing cropped. Plain pure white background. No text, no letters, no watermark, no frame. Main palette orange-red #FF6B35 with golden yellow accents. King form: taller heroic proportions, a royal cape and a small crown, a glowing aura of its element behind it, proud smile, most detailed. Character concept: a small golden robot-bell with rivets, shiny brass body, a tiny hammer tail. The three stages of this character must read as the same creature growing up. Same style as the reference images."
art/_raw/egg_blade.png,刀戈族,egg,"Cute collectible monster character for a children's Chinese learning game. Style: clean 2D vector-like illustration, thick dark outline, flat colors with soft cel shading, big glossy eyes, rounded shapes, kawaii, consistent front 3/4 view, soft top-left lighting. Full body, centered, nothing cropped. Plain pure white background. No text, no letters, no watermark, no frame. A cute monster egg for the tribe '刀戈族', main palette orange-red #FF6B35 with golden yellow accents. Smooth egg with a soft pattern hinting at what is inside: a brave little knight beetle with a leaf-shaped shield and a wooden sword; red and bronze. A few tiny cracks, sitting on a small nest. Same style as the reference images."
art/_raw/tribe_blade_1.png,刀戈族,1,"Cute collectible monster character for a children's Chinese learning game. Style: clean 2D vector-like illustration, thick dark outline, flat colors with soft cel shading, big glossy eyes, rounded shapes, kawaii, consistent front 3/4 view, soft top-left lighting. Full body, centered, nothing cropped. Plain pure white background. No text, no letters, no watermark, no frame. Main palette orange-red #FF6B35 with golden yellow accents. Baby form: egg-shaped body, head is 60% of the body, stubby limbs or none, curious innocent expression, small and simple. Character concept: a brave little knight beetle with a leaf-shaped shield and a wooden sword; red and bronze. The three stages of this character must read as the same creature growing up. Same style as the reference images."
art/_raw/tribe_blade_2.png,刀戈族,2,"Cute collectible monster character for a children's Chinese learning game. Style: clean 2D vector-like illustration, thick dark outline, flat colors with soft cel shading, big glossy eyes, rounded shapes, kawaii, consistent front 3/4 view, soft top-left lighting. Full body, centered, nothing cropped. Plain pure white background. No text, no letters, no watermark, no frame. Main palette orange-red #FF6B35 with golden yellow accents. Teen form: proper arms and legs, standing confidently, holds ONE small prop related to its tribe, cheerful expression, medium detail. Character concept: a brave little knight beetle with a leaf-shaped shield and a wooden sword; red and bronze. The three stages of this character must read as the same creature growing up. Same style as the reference images."
art/_raw/tribe_blade_3.png,刀戈族,3,"Cute collectible monster character for a children's Chinese learning game. Style: clean 2D vector-like illustration, thick dark outline, flat colors with soft cel shading, big glossy eyes, rounded shapes, kawaii, consistent front 3/4 view, soft top-left lighting. Full body, centered, nothing cropped. Plain pure white background. No text, no letters, no watermark, no frame. Main palette orange-red #FF6B35 with golden yellow accents. King form: taller heroic proportions, a royal cape and a small crown, a glowing aura of its element behind it, proud smile, most detailed. Character concept: a brave little knight beetle with a leaf-shaped shield and a wooden sword; red and bronze. The three stages of this character must read as the same creature growing up. Same style as the reference images."
art/_raw/egg_plant.png,草木族,egg,"Cute collectible monster character for a children's Chinese learning game. Style: clean 2D vector-like illustration, thick dark outline, flat colors with soft cel shading, big glossy eyes, rounded shapes, kawaii, consistent front 3/4 view, soft top-left lighting. Full body, centered, nothing cropped. Plain pure white background. No text, no letters, no watermark, no frame. A cute monster egg for the tribe '草木族', main palette grass green #4CC35A with warm brown accents. Smooth egg with a soft pattern hinting at what is inside: a sprout spirit: round green body, two leaves as ears, a tiny flower bud on top. A few tiny cracks, sitting on a small nest. Same style as the reference images."
art/_raw/tribe_plant_1.png,草木族,1,"Cute collectible monster character for a children's Chinese learning game. Style: clean 2D vector-like illustration, thick dark outline, flat colors with soft cel shading, big glossy eyes, rounded shapes, kawaii, consistent front 3/4 view, soft top-left lighting. Full body, centered, nothing cropped. Plain pure white background. No text, no letters, no watermark, no frame. Main palette grass green #4CC35A with warm brown accents. Baby form: egg-shaped body, head is 60% of the body, stubby limbs or none, curious innocent expression, small and simple. Character concept: a sprout spirit: round green body, two leaves as ears, a tiny flower bud on top. The three stages of this character must read as the same creature growing up. Same style as the reference images."
art/_raw/tribe_plant_2.png,草木族,2,"Cute collectible monster character for a children's Chinese learning game. Style: clean 2D vector-like illustration, thick dark outline, flat colors with soft cel shading, big glossy eyes, rounded shapes, kawaii, consistent front 3/4 view, soft top-left lighting. Full body, centered, nothing cropped. Plain pure white background. No text, no letters, no watermark, no frame. Main palette grass green #4CC35A with warm brown accents. Teen form: proper arms and legs, standing confidently, holds ONE small prop related to its tribe, cheerful expression, medium detail. Character concept: a sprout spirit: round green body, two leaves as ears, a tiny flower bud on top. The three stages of this character must read as the same creature growing up. Same style as the reference images."
art/_raw/tribe_plant_3.png,草木族,3,"Cute collectible monster character for a children's Chinese learning game. Style: clean 2D vector-like illustration, thick dark outline, flat colors with soft cel shading, big glossy eyes, rounded shapes, kawaii, consistent front 3/4 view, soft top-left lighting. Full body, centered, nothing cropped. Plain pure white background. No text, no letters, no watermark, no frame. Main palette grass green #4CC35A with warm brown accents. King form: taller heroic proportions, a royal cape and a small crown, a glowing aura of its element behind it, proud smile, most detailed. Character concept: a sprout spirit: round green body, two leaves as ears, a tiny flower bud on top. The three stages of this character must read as the same creature growing up. Same style as the reference images."
art/_raw/egg_grain.png,五谷族,egg,"Cute collectible monster character for a children's Chinese learning game. Style: clean 2D vector-like illustration, thick dark outline, flat colors with soft cel shading, big glossy eyes, rounded shapes, kawaii, consistent front 3/4 view, soft top-left lighting. Full body, centered, nothing cropped. Plain pure white background. No text, no letters, no watermark, no frame. A cute monster egg for the tribe '五谷族', main palette grass green #4CC35A with warm brown accents. Smooth egg with a soft pattern hinting at what is inside: a plump rice-grain creature wearing a straw hat made of wheat ears; yellow-green. A few tiny cracks, sitting on a small nest. Same style as the reference images."
art/_raw/tribe_grain_1.png,五谷族,1,"Cute collectible monster character for a children's Chinese learning game. Style: clean 2D vector-like illustration, thick dark outline, flat colors with soft cel shading, big glossy eyes, rounded shapes, kawaii, consistent front 3/4 view, soft top-left lighting. Full body, centered, nothing cropped. Plain pure white background. No text, no letters, no watermark, no frame. Main palette grass green #4CC35A with warm brown accents. Baby form: egg-shaped body, head is 60% of the body, stubby limbs or none, curious innocent expression, small and simple. Character concept: a plump rice-grain creature wearing a straw hat made of wheat ears; yellow-green. The three stages of this character must read as the same creature growing up. Same style as the reference images."
art/_raw/tribe_grain_2.png,五谷族,2,"Cute collectible monster character for a children's Chinese learning game. Style: clean 2D vector-like illustration, thick dark outline, flat colors with soft cel shading, big glossy eyes, rounded shapes, kawaii, consistent front 3/4 view, soft top-left lighting. Full body, centered, nothing cropped. Plain pure white background. No text, no letters, no watermark, no frame. Main palette grass green #4CC35A with warm brown accents. Teen form: proper arms and legs, standing confidently, holds ONE small prop related to its tribe, cheerful expression, medium detail. Character concept: a plump rice-grain creature wearing a straw hat made of wheat ears; yellow-green. The three stages of this character must read as the same creature growing up. Same style as the reference images."
art/_raw/tribe_grain_3.png,五谷族,3,"Cute collectible monster character for a children's Chinese learning game. Style: clean 2D vector-like illustration, thick dark outline, flat colors with soft cel shading, big glossy eyes, rounded shapes, kawaii, consistent front 3/4 view, soft top-left lighting. Full body, centered, nothing cropped. Plain pure white background. No text, no letters, no watermark, no frame. Main palette grass green #4CC35A with warm brown accents. King form: taller heroic proportions, a royal cape and a small crown, a glowing aura of its element behind it, proud smile, most detailed. Character concept: a plump rice-grain creature wearing a straw hat made of wheat ears; yellow-green. The three stages of this character must read as the same creature growing up. Same style as the reference images."
art/_raw/egg_beast.png,虫兽族,egg,"Cute collectible monster character for a children's Chinese learning game. Style: clean 2D vector-like illustration, thick dark outline, flat colors with soft cel shading, big glossy eyes, rounded shapes, kawaii, consistent front 3/4 view, soft top-left lighting. Full body, centered, nothing cropped. Plain pure white background. No text, no letters, no watermark, no frame. A cute monster egg for the tribe '虫兽族', main palette grass green #4CC35A with warm brown accents. Smooth egg with a soft pattern hinting at what is inside: a fuzzy caterpillar-puppy with tiny antennae and paws; green and brown stripes. A few tiny cracks, sitting on a small nest. Same style as the reference images."
art/_raw/tribe_beast_1.png,虫兽族,1,"Cute collectible monster character for a children's Chinese learning game. Style: clean 2D vector-like illustration, thick dark outline, flat colors with soft cel shading, big glossy eyes, rounded shapes, kawaii, consistent front 3/4 view, soft top-left lighting. Full body, centered, nothing cropped. Plain pure white background. No text, no letters, no watermark, no frame. Main palette grass green #4CC35A with warm brown accents. Baby form: egg-shaped body, head is 60% of the body, stubby limbs or none, curious innocent expression, small and simple. Character concept: a fuzzy caterpillar-puppy with tiny antennae and paws; green and brown stripes. The three stages of this character must read as the same creature growing up. Same style as the reference images."
art/_raw/tribe_beast_2.png,虫兽族,2,"Cute collectible monster character for a children's Chinese learning game. Style: clean 2D vector-like illustration, thick dark outline, flat colors with soft cel shading, big glossy eyes, rounded shapes, kawaii, consistent front 3/4 view, soft top-left lighting. Full body, centered, nothing cropped. Plain pure white background. No text, no letters, no watermark, no frame. Main palette grass green #4CC35A with warm brown accents. Teen form: proper arms and legs, standing confidently, holds ONE small prop related to its tribe, cheerful expression, medium detail. Character concept: a fuzzy caterpillar-puppy with tiny antennae and paws; green and brown stripes. The three stages of this character must read as the same creature growing up. Same style as the reference images."
art/_raw/tribe_beast_3.png,虫兽族,3,"Cute collectible monster character for a children's Chinese learning game. Style: clean 2D vector-like illustration, thick dark outline, flat colors with soft cel shading, big glossy eyes, rounded shapes, kawaii, consistent front 3/4 view, soft top-left lighting. Full body, centered, nothing cropped. Plain pure white background. No text, no letters, no watermark, no frame. Main palette grass green #4CC35A with warm brown accents. King form: taller heroic proportions, a royal cape and a small crown, a glowing aura of its element behind it, proud smile, most detailed. Character concept: a fuzzy caterpillar-puppy with tiny antennae and paws; green and brown stripes. The three stages of this character must read as the same creature growing up. Same style as the reference images."
art/_raw/egg_stone.png,山石族,egg,"Cute collectible monster character for a children's Chinese learning game. Style: clean 2D vector-like illustration, thick dark outline, flat colors with soft cel shading, big glossy eyes, rounded shapes, kawaii, consistent front 3/4 view, soft top-left lighting. Full body, centered, nothing cropped. Plain pure white background. No text, no letters, no watermark, no frame. A cute monster egg for the tribe '山石族', main palette sandy ochre #C89B5E with stone grey accents. Smooth egg with a soft pattern hinting at what is inside: a rock golem baby with three stone peaks on its head like the character 山; sandy ochre and grey. A few tiny cracks, sitting on a small nest. Same style as the reference images."
art/_raw/tribe_stone_1.png,山石族,1,"Cute collectible monster character for a children's Chinese learning game. Style: clean 2D vector-like illustration, thick dark outline, flat colors with soft cel shading, big glossy eyes, rounded shapes, kawaii, consistent front 3/4 view, soft top-left lighting. Full body, centered, nothing cropped. Plain pure white background. No text, no letters, no watermark, no frame. Main palette sandy ochre #C89B5E with stone grey accents. Baby form: egg-shaped body, head is 60% of the body, stubby limbs or none, curious innocent expression, small and simple. Character concept: a rock golem baby with three stone peaks on its head like the character 山; sandy ochre and grey. The three stages of this character must read as the same creature growing up. Same style as the reference images."
art/_raw/tribe_stone_2.png,山石族,2,"Cute collectible monster character for a children's Chinese learning game. Style: clean 2D vector-like illustration, thick dark outline, flat colors with soft cel shading, big glossy eyes, rounded shapes, kawaii, consistent front 3/4 view, soft top-left lighting. Full body, centered, nothing cropped. Plain pure white background. No text, no letters, no watermark, no frame. Main palette sandy ochre #C89B5E with stone grey accents. Teen form: proper arms and legs, standing confidently, holds ONE small prop related to its tribe, cheerful expression, medium detail. Character concept: a rock golem baby with three stone peaks on its head like the character 山; sandy ochre and grey. The three stages of this character must read as the same creature growing up. Same style as the reference images."
art/_raw/tribe_stone_3.png,山石族,3,"Cute collectible monster character for a children's Chinese learning game. Style: clean 2D vector-like illustration, thick dark outline, flat colors with soft cel shading, big glossy eyes, rounded shapes, kawaii, consistent front 3/4 view, soft top-left lighting. Full body, centered, nothing cropped. Plain pure white background. No text, no letters, no watermark, no frame. Main palette sandy ochre #C89B5E with stone grey accents. King form: taller heroic proportions, a royal cape and a small crown, a glowing aura of its element behind it, proud smile, most detailed. Character concept: a rock golem baby with three stone peaks on its head like the character 山; sandy ochre and grey. The three stages of this character must read as the same creature growing up. Same style as the reference images."
art/_raw/egg_home.png,房屋族,egg,"Cute collectible monster character for a children's Chinese learning game. Style: clean 2D vector-like illustration, thick dark outline, flat colors with soft cel shading, big glossy eyes, rounded shapes, kawaii, consistent front 3/4 view, soft top-left lighting. Full body, centered, nothing cropped. Plain pure white background. No text, no letters, no watermark, no frame. A cute monster egg for the tribe '房屋族', main palette sandy ochre #C89B5E with stone grey accents. Smooth egg with a soft pattern hinting at what is inside: a cozy snail-house creature whose shell is a tiny tiled roof with a round door; terracotta and cream. A few tiny cracks, sitting on a small nest. Same style as the reference images."
art/_raw/tribe_home_1.png,房屋族,1,"Cute collectible monster character for a children's Chinese learning game. Style: clean 2D vector-like illustration, thick dark outline, flat colors with soft cel shading, big glossy eyes, rounded shapes, kawaii, consistent front 3/4 view, soft top-left lighting. Full body, centered, nothing cropped. Plain pure white background. No text, no letters, no watermark, no frame. Main palette sandy ochre #C89B5E with stone grey accents. Baby form: egg-shaped body, head is 60% of the body, stubby limbs or none, curious innocent expression, small and simple. Character concept: a cozy snail-house creature whose shell is a tiny tiled roof with a round door; terracotta and cream. The three stages of this character must read as the same creature growing up. Same style as the reference images."
art/_raw/tribe_home_2.png,房屋族,2,"Cute collectible monster character for a children's Chinese learning game. Style: clean 2D vector-like illustration, thick dark outline, flat colors with soft cel shading, big glossy eyes, rounded shapes, kawaii, consistent front 3/4 view, soft top-left lighting. Full body, centered, nothing cropped. Plain pure white background. No text, no letters, no watermark, no frame. Main palette sandy ochre #C89B5E with stone grey accents. Teen form: proper arms and legs, standing confidently, holds ONE small prop related to its tribe, cheerful expression, medium detail. Character concept: a cozy snail-house creature whose shell is a tiny tiled roof with a round door; terracotta and cream. The three stages of this character must read as the same creature growing up. Same style as the reference images."
art/_raw/tribe_home_3.png,房屋族,3,"Cute collectible monster character for a children's Chinese learning game. Style: clean 2D vector-like illustration, thick dark outline, flat colors with soft cel shading, big glossy eyes, rounded shapes, kawaii, consistent front 3/4 view, soft top-left lighting. Full body, centered, nothing cropped. Plain pure white background. No text, no letters, no watermark, no frame. Main palette sandy ochre #C89B5E with stone grey accents. King form: taller heroic proportions, a royal cape and a small crown, a glowing aura of its element behind it, proud smile, most detailed. Character concept: a cozy snail-house creature whose shell is a tiny tiled roof with a round door; terracotta and cream. The three stages of this character must read as the same creature growing up. Same style as the reference images."
art/_raw/egg_field.png,田车族,egg,"Cute collectible monster character for a children's Chinese learning game. Style: clean 2D vector-like illustration, thick dark outline, flat colors with soft cel shading, big glossy eyes, rounded shapes, kawaii, consistent front 3/4 view, soft top-left lighting. Full body, centered, nothing cropped. Plain pure white background. No text, no letters, no watermark, no frame. A cute monster egg for the tribe '田车族', main palette sandy ochre #C89B5E with stone grey accents. Smooth egg with a soft pattern hinting at what is inside: a cheerful ox-cart creature: round body with two wooden wheels for feet, little horns; brown and straw yellow. A few tiny cracks, sitting on a small nest. Same style as the reference images."
art/_raw/tribe_field_1.png,田车族,1,"Cute collectible monster character for a children's Chinese learning game. Style: clean 2D vector-like illustration, thick dark outline, flat colors with soft cel shading, big glossy eyes, rounded shapes, kawaii, consistent front 3/4 view, soft top-left lighting. Full body, centered, nothing cropped. Plain pure white background. No text, no letters, no watermark, no frame. Main palette sandy ochre #C89B5E with stone grey accents. Baby form: egg-shaped body, head is 60% of the body, stubby limbs or none, curious innocent expression, small and simple. Character concept: a cheerful ox-cart creature: round body with two wooden wheels for feet, little horns; brown and straw yellow. The three stages of this character must read as the same creature growing up. Same style as the reference images."
art/_raw/tribe_field_2.png,田车族,2,"Cute collectible monster character for a children's Chinese learning game. Style: clean 2D vector-like illustration, thick dark outline, flat colors with soft cel shading, big glossy eyes, rounded shapes, kawaii, consistent front 3/4 view, soft top-left lighting. Full body, centered, nothing cropped. Plain pure white background. No text, no letters, no watermark, no frame. Main palette sandy ochre #C89B5E with stone grey accents. Teen form: proper arms and legs, standing confidently, holds ONE small prop related to its tribe, cheerful expression, medium detail. Character concept: a cheerful ox-cart creature: round body with two wooden wheels for feet, little horns; brown and straw yellow. The three stages of this character must read as the same creature growing up. Same style as the reference images."
art/_raw/tribe_field_3.png,田车族,3,"Cute collectible monster character for a children's Chinese learning game. Style: clean 2D vector-like illustration, thick dark outline, flat colors with soft cel shading, big glossy eyes, rounded shapes, kawaii, consistent front 3/4 view, soft top-left lighting. Full body, centered, nothing cropped. Plain pure white background. No text, no letters, no watermark, no frame. Main palette sandy ochre #C89B5E with stone grey accents. King form: taller heroic proportions, a royal cape and a small crown, a glowing aura of its element behind it, proud smile, most detailed. Character concept: a cheerful ox-cart creature: round body with two wooden wheels for feet, little horns; brown and straw yellow. The three stages of this character must read as the same creature growing up. Same style as the reference images."
art/_raw/egg_sea.png,江海族,egg,"Cute collectible monster character for a children's Chinese learning game. Style: clean 2D vector-like illustration, thick dark outline, flat colors with soft cel shading, big glossy eyes, rounded shapes, kawaii, consistent front 3/4 view, soft top-left lighting. Full body, centered, nothing cropped. Plain pure white background. No text, no letters, no watermark, no frame. A cute monster egg for the tribe '江海族', main palette aqua blue #3FA9F5 with translucent white accents. Smooth egg with a soft pattern hinting at what is inside: a water-drop spirit with a wave curl on its head shaped like 氵 three drops; aqua blue, translucent. A few tiny cracks, sitting on a small nest. Same style as the reference images."
art/_raw/tribe_sea_1.png,江海族,1,"Cute collectible monster character for a children's Chinese learning game. Style: clean 2D vector-like illustration, thick dark outline, flat colors with soft cel shading, big glossy eyes, rounded shapes, kawaii, consistent front 3/4 view, soft top-left lighting. Full body, centered, nothing cropped. Plain pure white background. No text, no letters, no watermark, no frame. Main palette aqua blue #3FA9F5 with translucent white accents. Baby form: egg-shaped body, head is 60% of the body, stubby limbs or none, curious innocent expression, small and simple. Character concept: a water-drop spirit with a wave curl on its head shaped like 氵 three drops; aqua blue, translucent. The three stages of this character must read as the same creature growing up. Same style as the reference images."
art/_raw/tribe_sea_2.png,江海族,2,"Cute collectible monster character for a children's Chinese learning game. Style: clean 2D vector-like illustration, thick dark outline, flat colors with soft cel shading, big glossy eyes, rounded shapes, kawaii, consistent front 3/4 view, soft top-left lighting. Full body, centered, nothing cropped. Plain pure white background. No text, no letters, no watermark, no frame. Main palette aqua blue #3FA9F5 with translucent white accents. Teen form: proper arms and legs, standing confidently, holds ONE small prop related to its tribe, cheerful expression, medium detail. Character concept: a water-drop spirit with a wave curl on its head shaped like 氵 three drops; aqua blue, translucent. The three stages of this character must read as the same creature growing up. Same style as the reference images."
art/_raw/tribe_sea_3.png,江海族,3,"Cute collectible monster character for a children's Chinese learning game. Style: clean 2D vector-like illustration, thick dark outline, flat colors with soft cel shading, big glossy eyes, rounded shapes, kawaii, consistent front 3/4 view, soft top-left lighting. Full body, centered, nothing cropped. Plain pure white background. No text, no letters, no watermark, no frame. Main palette aqua blue #3FA9F5 with translucent white accents. King form: taller heroic proportions, a royal cape and a small crown, a glowing aura of its element behind it, proud smile, most detailed. Character concept: a water-drop spirit with a wave curl on its head shaped like 氵 three drops; aqua blue, translucent. The three stages of this character must read as the same creature growing up. Same style as the reference images."
art/_raw/egg_fish.png,鱼贝族,egg,"Cute collectible monster character for a children's Chinese learning game. Style: clean 2D vector-like illustration, thick dark outline, flat colors with soft cel shading, big glossy eyes, rounded shapes, kawaii, consistent front 3/4 view, soft top-left lighting. Full body, centered, nothing cropped. Plain pure white background. No text, no letters, no watermark, no frame. A cute monster egg for the tribe '鱼贝族', main palette aqua blue #3FA9F5 with translucent white accents. Smooth egg with a soft pattern hinting at what is inside: a round pufferfish with a pearl shell hat; blue and pink with bubbles. A few tiny cracks, sitting on a small nest. Same style as the reference images."
art/_raw/tribe_fish_1.png,鱼贝族,1,"Cute collectible monster character for a children's Chinese learning game. Style: clean 2D vector-like illustration, thick dark outline, flat colors with soft cel shading, big glossy eyes, rounded shapes, kawaii, consistent front 3/4 view, soft top-left lighting. Full body, centered, nothing cropped. Plain pure white background. No text, no letters, no watermark, no frame. Main palette aqua blue #3FA9F5 with translucent white accents. Baby form: egg-shaped body, head is 60% of the body, stubby limbs or none, curious innocent expression, small and simple. Character concept: a round pufferfish with a pearl shell hat; blue and pink with bubbles. The three stages of this character must read as the same creature growing up. Same style as the reference images."
art/_raw/tribe_fish_2.png,鱼贝族,2,"Cute collectible monster character for a children's Chinese learning game. Style: clean 2D vector-like illustration, thick dark outline, flat colors with soft cel shading, big glossy eyes, rounded shapes, kawaii, consistent front 3/4 view, soft top-left lighting. Full body, centered, nothing cropped. Plain pure white background. No text, no letters, no watermark, no frame. Main palette aqua blue #3FA9F5 with translucent white accents. Teen form: proper arms and legs, standing confidently, holds ONE small prop related to its tribe, cheerful expression, medium detail. Character concept: a round pufferfish with a pearl shell hat; blue and pink with bubbles. The three stages of this character must read as the same creature growing up. Same style as the reference images."
art/_raw/tribe_fish_3.png,鱼贝族,3,"Cute collectible monster character for a children's Chinese learning game. Style: clean 2D vector-like illustration, thick dark outline, flat colors with soft cel shading, big glossy eyes, rounded shapes, kawaii, consistent front 3/4 view, soft top-left lighting. Full body, centered, nothing cropped. Plain pure white background. No text, no letters, no watermark, no frame. Main palette aqua blue #3FA9F5 with translucent white accents. King form: taller heroic proportions, a royal cape and a small crown, a glowing aura of its element behind it, proud smile, most detailed. Character concept: a round pufferfish with a pearl shell hat; blue and pink with bubbles. The three stages of this character must read as the same creature growing up. Same style as the reference images."
art/_raw/egg_food.png,酒食族,egg,"Cute collectible monster character for a children's Chinese learning game. Style: clean 2D vector-like illustration, thick dark outline, flat colors with soft cel shading, big glossy eyes, rounded shapes, kawaii, consistent front 3/4 view, soft top-left lighting. Full body, centered, nothing cropped. Plain pure white background. No text, no letters, no watermark, no frame. A cute monster egg for the tribe '酒食族', main palette aqua blue #3FA9F5 with translucent white accents. Smooth egg with a soft pattern hinting at what is inside: a happy dumpling creature with chubby cheeks holding a tiny teacup; cream and red. A few tiny cracks, sitting on a small nest. Same style as the reference images."
art/_raw/tribe_food_1.png,酒食族,1,"Cute collectible monster character for a children's Chinese learning game. Style: clean 2D vector-like illustration, thick dark outline, flat colors with soft cel shading, big glossy eyes, rounded shapes, kawaii, consistent front 3/4 view, soft top-left lighting. Full body, centered, nothing cropped. Plain pure white background. No text, no letters, no watermark, no frame. Main palette aqua blue #3FA9F5 with translucent white accents. Baby form: egg-shaped body, head is 60% of the body, stubby limbs or none, curious innocent expression, small and simple. Character concept: a happy dumpling creature with chubby cheeks holding a tiny teacup; cream and red. The three stages of this character must read as the same creature growing up. Same style as the reference images."
art/_raw/tribe_food_2.png,酒食族,2,"Cute collectible monster character for a children's Chinese learning game. Style: clean 2D vector-like illustration, thick dark outline, flat colors with soft cel shading, big glossy eyes, rounded shapes, kawaii, consistent front 3/4 view, soft top-left lighting. Full body, centered, nothing cropped. Plain pure white background. No text, no letters, no watermark, no frame. Main palette aqua blue #3FA9F5 with translucent white accents. Teen form: proper arms and legs, standing confidently, holds ONE small prop related to its tribe, cheerful expression, medium detail. Character concept: a happy dumpling creature with chubby cheeks holding a tiny teacup; cream and red. The three stages of this character must read as the same creature growing up. Same style as the reference images."
art/_raw/tribe_food_3.png,酒食族,3,"Cute collectible monster character for a children's Chinese learning game. Style: clean 2D vector-like illustration, thick dark outline, flat colors with soft cel shading, big glossy eyes, rounded shapes, kawaii, consistent front 3/4 view, soft top-left lighting. Full body, centered, nothing cropped. Plain pure white background. No text, no letters, no watermark, no frame. Main palette aqua blue #3FA9F5 with translucent white accents. King form: taller heroic proportions, a royal cape and a small crown, a glowing aura of its element behind it, proud smile, most detailed. Character concept: a happy dumpling creature with chubby cheeks holding a tiny teacup; cream and red. The three stages of this character must read as the same creature growing up. Same style as the reference images."
art/_raw/egg_heart.png,心情族,egg,"Cute collectible monster character for a children's Chinese learning game. Style: clean 2D vector-like illustration, thick dark outline, flat colors with soft cel shading, big glossy eyes, rounded shapes, kawaii, consistent front 3/4 view, soft top-left lighting. Full body, centered, nothing cropped. Plain pure white background. No text, no letters, no watermark, no frame. A cute monster egg for the tribe '心情族', main palette pink #FF7FA8 with lilac accents. Smooth egg with a soft pattern hinting at what is inside: a heart-shaped fluffy creature with blush cheeks and a little curl; pink and lilac. A few tiny cracks, sitting on a small nest. Same style as the reference images."
art/_raw/tribe_heart_1.png,心情族,1,"Cute collectible monster character for a children's Chinese learning game. Style: clean 2D vector-like illustration, thick dark outline, flat colors with soft cel shading, big glossy eyes, rounded shapes, kawaii, consistent front 3/4 view, soft top-left lighting. Full body, centered, nothing cropped. Plain pure white background. No text, no letters, no watermark, no frame. Main palette pink #FF7FA8 with lilac accents. Baby form: egg-shaped body, head is 60% of the body, stubby limbs or none, curious innocent expression, small and simple. Character concept: a heart-shaped fluffy creature with blush cheeks and a little curl; pink and lilac. The three stages of this character must read as the same creature growing up. Same style as the reference images."
art/_raw/tribe_heart_2.png,心情族,2,"Cute collectible monster character for a children's Chinese learning game. Style: clean 2D vector-like illustration, thick dark outline, flat colors with soft cel shading, big glossy eyes, rounded shapes, kawaii, consistent front 3/4 view, soft top-left lighting. Full body, centered, nothing cropped. Plain pure white background. No text, no letters, no watermark, no frame. Main palette pink #FF7FA8 with lilac accents. Teen form: proper arms and legs, standing confidently, holds ONE small prop related to its tribe, cheerful expression, medium detail. Character concept: a heart-shaped fluffy creature with blush cheeks and a little curl; pink and lilac. The three stages of this character must read as the same creature growing up. Same style as the reference images."
art/_raw/tribe_heart_3.png,心情族,3,"Cute collectible monster character for a children's Chinese learning game. Style: clean 2D vector-like illustration, thick dark outline, flat colors with soft cel shading, big glossy eyes, rounded shapes, kawaii, consistent front 3/4 view, soft top-left lighting. Full body, centered, nothing cropped. Plain pure white background. No text, no letters, no watermark, no frame. Main palette pink #FF7FA8 with lilac accents. King form: taller heroic proportions, a royal cape and a small crown, a glowing aura of its element behind it, proud smile, most detailed. Character concept: a heart-shaped fluffy creature with blush cheeks and a little curl; pink and lilac. The three stages of this character must read as the same creature growing up. Same style as the reference images."
art/_raw/egg_people.png,小人族,egg,"Cute collectible monster character for a children's Chinese learning game. Style: clean 2D vector-like illustration, thick dark outline, flat colors with soft cel shading, big glossy eyes, rounded shapes, kawaii, consistent front 3/4 view, soft top-left lighting. Full body, centered, nothing cropped. Plain pure white background. No text, no letters, no watermark, no frame. A cute monster egg for the tribe '小人族', main palette pink #FF7FA8 with lilac accents. Smooth egg with a soft pattern hinting at what is inside: a tiny stick-figure person like the character 人, with a round head, big smile and a red scarf. A few tiny cracks, sitting on a small nest. Same style as the reference images."
art/_raw/tribe_people_1.png,小人族,1,"Cute collectible monster character for a children's Chinese learning game. Style: clean 2D vector-like illustration, thick dark outline, flat colors with soft cel shading, big glossy eyes, rounded shapes, kawaii, consistent front 3/4 view, soft top-left lighting. Full body, centered, nothing cropped. Plain pure white background. No text, no letters, no watermark, no frame. Main palette pink #FF7FA8 with lilac accents. Baby form: egg-shaped body, head is 60% of the body, stubby limbs or none, curious innocent expression, small and simple. Character concept: a tiny stick-figure person like the character 人, with a round head, big smile and a red scarf. The three stages of this character must read as the same creature growing up. Same style as the reference images."
art/_raw/tribe_people_2.png,小人族,2,"Cute collectible monster character for a children's Chinese learning game. Style: clean 2D vector-like illustration, thick dark outline, flat colors with soft cel shading, big glossy eyes, rounded shapes, kawaii, consistent front 3/4 view, soft top-left lighting. Full body, centered, nothing cropped. Plain pure white background. No text, no letters, no watermark, no frame. Main palette pink #FF7FA8 with lilac accents. Teen form: proper arms and legs, standing confidently, holds ONE small prop related to its tribe, cheerful expression, medium detail. Character concept: a tiny stick-figure person like the character 人, with a round head, big smile and a red scarf. The three stages of this character must read as the same creature growing up. Same style as the reference images."
art/_raw/tribe_people_3.png,小人族,3,"Cute collectible monster character for a children's Chinese learning game. Style: clean 2D vector-like illustration, thick dark outline, flat colors with soft cel shading, big glossy eyes, rounded shapes, kawaii, consistent front 3/4 view, soft top-left lighting. Full body, centered, nothing cropped. Plain pure white background. No text, no letters, no watermark, no frame. Main palette pink #FF7FA8 with lilac accents. King form: taller heroic proportions, a royal cape and a small crown, a glowing aura of its element behind it, proud smile, most detailed. Character concept: a tiny stick-figure person like the character 人, with a round head, big smile and a red scarf. The three stages of this character must read as the same creature growing up. Same style as the reference images."
art/_raw/egg_mouth.png,嘴巴族,egg,"Cute collectible monster character for a children's Chinese learning game. Style: clean 2D vector-like illustration, thick dark outline, flat colors with soft cel shading, big glossy eyes, rounded shapes, kawaii, consistent front 3/4 view, soft top-left lighting. Full body, centered, nothing cropped. Plain pure white background. No text, no letters, no watermark, no frame. A cute monster egg for the tribe '嘴巴族', main palette pink #FF7FA8 with lilac accents. Smooth egg with a soft pattern hinting at what is inside: a square-faced creature whose whole face is a huge singing mouth like 口; coral red and yellow. A few tiny cracks, sitting on a small nest. Same style as the reference images."
art/_raw/tribe_mouth_1.png,嘴巴族,1,"Cute collectible monster character for a children's Chinese learning game. Style: clean 2D vector-like illustration, thick dark outline, flat colors with soft cel shading, big glossy eyes, rounded shapes, kawaii, consistent front 3/4 view, soft top-left lighting. Full body, centered, nothing cropped. Plain pure white background. No text, no letters, no watermark, no frame. Main palette pink #FF7FA8 with lilac accents. Baby form: egg-shaped body, head is 60% of the body, stubby limbs or none, curious innocent expression, small and simple. Character concept: a square-faced creature whose whole face is a huge singing mouth like 口; coral red and yellow. The three stages of this character must read as the same creature growing up. Same style as the reference images."
art/_raw/tribe_mouth_2.png,嘴巴族,2,"Cute collectible monster character for a children's Chinese learning game. Style: clean 2D vector-like illustration, thick dark outline, flat colors with soft cel shading, big glossy eyes, rounded shapes, kawaii, consistent front 3/4 view, soft top-left lighting. Full body, centered, nothing cropped. Plain pure white background. No text, no letters, no watermark, no frame. Main palette pink #FF7FA8 with lilac accents. Teen form: proper arms and legs, standing confidently, holds ONE small prop related to its tribe, cheerful expression, medium detail. Character concept: a square-faced creature whose whole face is a huge singing mouth like 口; coral red and yellow. The three stages of this character must read as the same creature growing up. Same style as the reference images."
art/_raw/tribe_mouth_3.png,嘴巴族,3,"Cute collectible monster character for a children's Chinese learning game. Style: clean 2D vector-like illustration, thick dark outline, flat colors with soft cel shading, big glossy eyes, rounded shapes, kawaii, consistent front 3/4 view, soft top-left lighting. Full body, centered, nothing cropped. Plain pure white background. No text, no letters, no watermark, no frame. Main palette pink #FF7FA8 with lilac accents. King form: taller heroic proportions, a royal cape and a small crown, a glowing aura of its element behind it, proud smile, most detailed. Character concept: a square-faced creature whose whole face is a huge singing mouth like 口; coral red and yellow. The three stages of this character must read as the same creature growing up. Same style as the reference images."
art/_raw/egg_hand.png,手足族,egg,"Cute collectible monster character for a children's Chinese learning game. Style: clean 2D vector-like illustration, thick dark outline, flat colors with soft cel shading, big glossy eyes, rounded shapes, kawaii, consistent front 3/4 view, soft top-left lighting. Full body, centered, nothing cropped. Plain pure white background. No text, no letters, no watermark, no frame. A cute monster egg for the tribe '手足族', main palette pink #FF7FA8 with lilac accents. Smooth egg with a soft pattern hinting at what is inside: a bouncy creature with big mitten hands and spring legs, always mid-jump; orange and teal. A few tiny cracks, sitting on a small nest. Same style as the reference images."
art/_raw/tribe_hand_1.png,手足族,1,"Cute collectible monster character for a children's Chinese learning game. Style: clean 2D vector-like illustration, thick dark outline, flat colors with soft cel shading, big glossy eyes, rounded shapes, kawaii, consistent front 3/4 view, soft top-left lighting. Full body, centered, nothing cropped. Plain pure white background. No text, no letters, no watermark, no frame. Main palette pink #FF7FA8 with lilac accents. Baby form: egg-shaped body, head is 60% of the body, stubby limbs or none, curious innocent expression, small and simple. Character concept: a bouncy creature with big mitten hands and spring legs, always mid-jump; orange and teal. The three stages of this character must read as the same creature growing up. Same style as the reference images."
art/_raw/tribe_hand_2.png,手足族,2,"Cute collectible monster character for a children's Chinese learning game. Style: clean 2D vector-like illustration, thick dark outline, flat colors with soft cel shading, big glossy eyes, rounded shapes, kawaii, consistent front 3/4 view, soft top-left lighting. Full body, centered, nothing cropped. Plain pure white background. No text, no letters, no watermark, no frame. Main palette pink #FF7FA8 with lilac accents. Teen form: proper arms and legs, standing confidently, holds ONE small prop related to its tribe, cheerful expression, medium detail. Character concept: a bouncy creature with big mitten hands and spring legs, always mid-jump; orange and teal. The three stages of this character must read as the same creature growing up. Same style as the reference images."
art/_raw/tribe_hand_3.png,手足族,3,"Cute collectible monster character for a children's Chinese learning game. Style: clean 2D vector-like illustration, thick dark outline, flat colors with soft cel shading, big glossy eyes, rounded shapes, kawaii, consistent front 3/4 view, soft top-left lighting. Full body, centered, nothing cropped. Plain pure white background. No text, no letters, no watermark, no frame. Main palette pink #FF7FA8 with lilac accents. King form: taller heroic proportions, a royal cape and a small crown, a glowing aura of its element behind it, proud smile, most detailed. Character concept: a bouncy creature with big mitten hands and spring legs, always mid-jump; orange and teal. The three stages of this character must read as the same creature growing up. Same style as the reference images."
art/_raw/egg_body.png,身体族,egg,"Cute collectible monster character for a children's Chinese learning game. Style: clean 2D vector-like illustration, thick dark outline, flat colors with soft cel shading, big glossy eyes, rounded shapes, kawaii, consistent front 3/4 view, soft top-left lighting. Full body, centered, nothing cropped. Plain pure white background. No text, no letters, no watermark, no frame. A cute monster egg for the tribe '身体族', main palette pink #FF7FA8 with lilac accents. Smooth egg with a soft pattern hinting at what is inside: a round creature that is mostly one giant friendly eye like 目, with little ears; purple and white. A few tiny cracks, sitting on a small nest. Same style as the reference images."
art/_raw/tribe_body_1.png,身体族,1,"Cute collectible monster character for a children's Chinese learning game. Style: clean 2D vector-like illustration, thick dark outline, flat colors with soft cel shading, big glossy eyes, rounded shapes, kawaii, consistent front 3/4 view, soft top-left lighting. Full body, centered, nothing cropped. Plain pure white background. No text, no letters, no watermark, no frame. Main palette pink #FF7FA8 with lilac accents. Baby form: egg-shaped body, head is 60% of the body, stubby limbs or none, curious innocent expression, small and simple. Character concept: a round creature that is mostly one giant friendly eye like 目, with little ears; purple and white. The three stages of this character must read as the same creature growing up. Same style as the reference images."
art/_raw/tribe_body_2.png,身体族,2,"Cute collectible monster character for a children's Chinese learning game. Style: clean 2D vector-like illustration, thick dark outline, flat colors with soft cel shading, big glossy eyes, rounded shapes, kawaii, consistent front 3/4 view, soft top-left lighting. Full body, centered, nothing cropped. Plain pure white background. No text, no letters, no watermark, no frame. Main palette pink #FF7FA8 with lilac accents. Teen form: proper arms and legs, standing confidently, holds ONE small prop related to its tribe, cheerful expression, medium detail. Character concept: a round creature that is mostly one giant friendly eye like 目, with little ears; purple and white. The three stages of this character must read as the same creature growing up. Same style as the reference images."
art/_raw/tribe_body_3.png,身体族,3,"Cute collectible monster character for a children's Chinese learning game. Style: clean 2D vector-like illustration, thick dark outline, flat colors with soft cel shading, big glossy eyes, rounded shapes, kawaii, consistent front 3/4 view, soft top-left lighting. Full body, centered, nothing cropped. Plain pure white background. No text, no letters, no watermark, no frame. Main palette pink #FF7FA8 with lilac accents. King form: taller heroic proportions, a royal cape and a small crown, a glowing aura of its element behind it, proud smile, most detailed. Character concept: a round creature that is mostly one giant friendly eye like 目, with little ears; purple and white. The three stages of this character must read as the same creature growing up. Same style as the reference images."
art/_raw/egg_cloth.png,丝衣族,egg,"Cute collectible monster character for a children's Chinese learning game. Style: clean 2D vector-like illustration, thick dark outline, flat colors with soft cel shading, big glossy eyes, rounded shapes, kawaii, consistent front 3/4 view, soft top-left lighting. Full body, centered, nothing cropped. Plain pure white background. No text, no letters, no watermark, no frame. A cute monster egg for the tribe '丝衣族', main palette pink #FF7FA8 with lilac accents. Smooth egg with a soft pattern hinting at what is inside: a ball-of-yarn kitten wrapped in a tiny scarf, trailing a thread tail; magenta and sky blue. A few tiny cracks, sitting on a small nest. Same style as the reference images."
art/_raw/tribe_cloth_1.png,丝衣族,1,"Cute collectible monster character for a children's Chinese learning game. Style: clean 2D vector-like illustration, thick dark outline, flat colors with soft cel shading, big glossy eyes, rounded shapes, kawaii, consistent front 3/4 view, soft top-left lighting. Full body, centered, nothing cropped. Plain pure white background. No text, no letters, no watermark, no frame. Main palette pink #FF7FA8 with lilac accents. Baby form: egg-shaped body, head is 60% of the body, stubby limbs or none, curious innocent expression, small and simple. Character concept: a ball-of-yarn kitten wrapped in a tiny scarf, trailing a thread tail; magenta and sky blue. The three stages of this character must read as the same creature growing up. Same style as the reference images."
art/_raw/tribe_cloth_2.png,丝衣族,2,"Cute collectible monster character for a children's Chinese learning game. Style: clean 2D vector-like illustration, thick dark outline, flat colors with soft cel shading, big glossy eyes, rounded shapes, kawaii, consistent front 3/4 view, soft top-left lighting. Full body, centered, nothing cropped. Plain pure white background. No text, no letters, no watermark, no frame. Main palette pink #FF7FA8 with lilac accents. Teen form: proper arms and legs, standing confidently, holds ONE small prop related to its tribe, cheerful expression, medium detail. Character concept: a ball-of-yarn kitten wrapped in a tiny scarf, trailing a thread tail; magenta and sky blue. The three stages of this character must read as the same creature growing up. Same style as the reference images."
art/_raw/tribe_cloth_3.png,丝衣族,3,"Cute collectible monster character for a children's Chinese learning game. Style: clean 2D vector-like illustration, thick dark outline, flat colors with soft cel shading, big glossy eyes, rounded shapes, kawaii, consistent front 3/4 view, soft top-left lighting. Full body, centered, nothing cropped. Plain pure white background. No text, no letters, no watermark, no frame. Main palette pink #FF7FA8 with lilac accents. King form: taller heroic proportions, a royal cape and a small crown, a glowing aura of its element behind it, proud smile, most detailed. Character concept: a ball-of-yarn kitten wrapped in a tiny scarf, trailing a thread tail; magenta and sky blue. The three stages of this character must read as the same creature growing up. Same style as the reference images."
art/_raw/egg_jade.png,玉宝族,egg,"Cute collectible monster character for a children's Chinese learning game. Style: clean 2D vector-like illustration, thick dark outline, flat colors with soft cel shading, big glossy eyes, rounded shapes, kawaii, consistent front 3/4 view, soft top-left lighting. Full body, centered, nothing cropped. Plain pure white background. No text, no letters, no watermark, no frame. A cute monster egg for the tribe '玉宝族', main palette pink #FF7FA8 with lilac accents. Smooth egg with a soft pattern hinting at what is inside: a small gem creature shaped like a jade pendant with sparkles; emerald green and gold. A few tiny cracks, sitting on a small nest. Same style as the reference images."
art/_raw/tribe_jade_1.png,玉宝族,1,"Cute collectible monster character for a children's Chinese learning game. Style: clean 2D vector-like illustration, thick dark outline, flat colors with soft cel shading, big glossy eyes, rounded shapes, kawaii, consistent front 3/4 view, soft top-left lighting. Full body, centered, nothing cropped. Plain pure white background. No text, no letters, no watermark, no frame. Main palette pink #FF7FA8 with lilac accents. Baby form: egg-shaped body, head is 60% of the body, stubby limbs or none, curious innocent expression, small and simple. Character concept: a small gem creature shaped like a jade pendant with sparkles; emerald green and gold. The three stages of this character must read as the same creature growing up. Same style as the reference images."
art/_raw/tribe_jade_2.png,玉宝族,2,"Cute collectible monster character for a children's Chinese learning game. Style: clean 2D vector-like illustration, thick dark outline, flat colors with soft cel shading, big glossy eyes, rounded shapes, kawaii, consistent front 3/4 view, soft top-left lighting. Full body, centered, nothing cropped. Plain pure white background. No text, no letters, no watermark, no frame. Main palette pink #FF7FA8 with lilac accents. Teen form: proper arms and legs, standing confidently, holds ONE small prop related to its tribe, cheerful expression, medium detail. Character concept: a small gem creature shaped like a jade pendant with sparkles; emerald green and gold. The three stages of this character must read as the same creature growing up. Same style as the reference images."
art/_raw/tribe_jade_3.png,玉宝族,3,"Cute collectible monster character for a children's Chinese learning game. Style: clean 2D vector-like illustration, thick dark outline, flat colors with soft cel shading, big glossy eyes, rounded shapes, kawaii, consistent front 3/4 view, soft top-left lighting. Full body, centered, nothing cropped. Plain pure white background. No text, no letters, no watermark, no frame. Main palette pink #FF7FA8 with lilac accents. King form: taller heroic proportions, a royal cape and a small crown, a glowing aura of its element behind it, proud smile, most detailed. Character concept: a small gem creature shaped like a jade pendant with sparkles; emerald green and gold. The three stages of this character must read as the same creature growing up. Same style as the reference images."
art/_raw/egg_stroke.png,笔画族,egg,"Cute collectible monster character for a children's Chinese learning game. Style: clean 2D vector-like illustration, thick dark outline, flat colors with soft cel shading, big glossy eyes, rounded shapes, kawaii, consistent front 3/4 view, soft top-left lighting. Full body, centered, nothing cropped. Plain pure white background. No text, no letters, no watermark, no frame. A cute monster egg for the tribe '笔画族', main palette sky blue #5AB6FF with cream white accents. Smooth egg with a soft pattern hinting at what is inside: a cheerful little pencil-stroke creature: a thick brush stroke with eyes, standing on its tip; ink black with a red seal mark. A few tiny cracks, sitting on a small nest. Same style as the reference images."
art/_raw/tribe_stroke_1.png,笔画族,1,"Cute collectible monster character for a children's Chinese learning game. Style: clean 2D vector-like illustration, thick dark outline, flat colors with soft cel shading, big glossy eyes, rounded shapes, kawaii, consistent front 3/4 view, soft top-left lighting. Full body, centered, nothing cropped. Plain pure white background. No text, no letters, no watermark, no frame. Main palette sky blue #5AB6FF with cream white accents. Baby form: egg-shaped body, head is 60% of the body, stubby limbs or none, curious innocent expression, small and simple. Character concept: a cheerful little pencil-stroke creature: a thick brush stroke with eyes, standing on its tip; ink black with a red seal mark. The three stages of this character must read as the same creature growing up. Same style as the reference images."
art/_raw/tribe_stroke_2.png,笔画族,2,"Cute collectible monster character for a children's Chinese learning game. Style: clean 2D vector-like illustration, thick dark outline, flat colors with soft cel shading, big glossy eyes, rounded shapes, kawaii, consistent front 3/4 view, soft top-left lighting. Full body, centered, nothing cropped. Plain pure white background. No text, no letters, no watermark, no frame. Main palette sky blue #5AB6FF with cream white accents. Teen form: proper arms and legs, standing confidently, holds ONE small prop related to its tribe, cheerful expression, medium detail. Character concept: a cheerful little pencil-stroke creature: a thick brush stroke with eyes, standing on its tip; ink black with a red seal mark. The three stages of this character must read as the same creature growing up. Same style as the reference images."
art/_raw/tribe_stroke_3.png,笔画族,3,"Cute collectible monster character for a children's Chinese learning game. Style: clean 2D vector-like illustration, thick dark outline, flat colors with soft cel shading, big glossy eyes, rounded shapes, kawaii, consistent front 3/4 view, soft top-left lighting. Full body, centered, nothing cropped. Plain pure white background. No text, no letters, no watermark, no frame. Main palette sky blue #5AB6FF with cream white accents. King form: taller heroic proportions, a royal cape and a small crown, a glowing aura of its element behind it, proud smile, most detailed. Character concept: a cheerful little pencil-stroke creature: a thick brush stroke with eyes, standing on its tip; ink black with a red seal mark. The three stages of this character must read as the same creature growing up. Same style as the reference images."
art/_raw/egg_pinyin.png,拼音族,egg,"Cute collectible monster character for a children's Chinese learning game. Style: clean 2D vector-like illustration, thick dark outline, flat colors with soft cel shading, big glossy eyes, rounded shapes, kawaii, consistent front 3/4 view, soft top-left lighting. Full body, centered, nothing cropped. Plain pure white background. No text, no letters, no watermark, no frame. A cute monster egg for the tribe '拼音族', main palette lemon yellow #FFD23F with blue accents. Smooth egg with a soft pattern hinting at what is inside: a tiny robot made of letter blocks with an antenna; lemon yellow and blue. A few tiny cracks, sitting on a small nest. Same style as the reference images."
art/_raw/tribe_pinyin_1.png,拼音族,1,"Cute collectible monster character for a children's Chinese learning game. Style: clean 2D vector-like illustration, thick dark outline, flat colors with soft cel shading, big glossy eyes, rounded shapes, kawaii, consistent front 3/4 view, soft top-left lighting. Full body, centered, nothing cropped. Plain pure white background. No text, no letters, no watermark, no frame. Main palette lemon yellow #FFD23F with blue accents. Baby form: egg-shaped body, head is 60% of the body, stubby limbs or none, curious innocent expression, small and simple. Character concept: a tiny robot made of letter blocks with an antenna; lemon yellow and blue. The three stages of this character must read as the same creature growing up. Same style as the reference images."
art/_raw/tribe_pinyin_2.png,拼音族,2,"Cute collectible monster character for a children's Chinese learning game. Style: clean 2D vector-like illustration, thick dark outline, flat colors with soft cel shading, big glossy eyes, rounded shapes, kawaii, consistent front 3/4 view, soft top-left lighting. Full body, centered, nothing cropped. Plain pure white background. No text, no letters, no watermark, no frame. Main palette lemon yellow #FFD23F with blue accents. Teen form: proper arms and legs, standing confidently, holds ONE small prop related to its tribe, cheerful expression, medium detail. Character concept: a tiny robot made of letter blocks with an antenna; lemon yellow and blue. The three stages of this character must read as the same creature growing up. Same style as the reference images."
art/_raw/tribe_pinyin_3.png,拼音族,3,"Cute collectible monster character for a children's Chinese learning game. Style: clean 2D vector-like illustration, thick dark outline, flat colors with soft cel shading, big glossy eyes, rounded shapes, kawaii, consistent front 3/4 view, soft top-left lighting. Full body, centered, nothing cropped. Plain pure white background. No text, no letters, no watermark, no frame. Main palette lemon yellow #FFD23F with blue accents. King form: taller heroic proportions, a royal cape and a small crown, a glowing aura of its element behind it, proud smile, most detailed. Character concept: a tiny robot made of letter blocks with an antenna; lemon yellow and blue. The three stages of this character must read as the same creature growing up. Same style as the reference images."
