# 字	小朋友版解释	两个词（空格分开）	表情（可空，只给具体的字）
一	数数的时候，第一个数就是一。	一个 一天	
二	一后面的数，两个东西就是二。	二月 第二	
三	二后面的数，三个手指头。	三个 三天	
十	两只手的手指头加起来，就是十。	十个 十天	
人	我们都是人，有头有手有脚，会说话。	大人 人们	
大	很多、很高、很重，和「小」相反。	大象 大山	
小	一点点、很矮、很轻，和「大」相反。	小鸟 小心	
口	嘴巴。吃饭、说话都用口。	人口 门口	
日	天上的太阳，也是一天的意思。	日出 生日	
月	晚上天上亮亮的月亮，也是一个月的意思。	月亮 一月	
山	地上高高的大石头堆，可以爬上去。	大山 爬山	
水	河里、杯子里能喝、能洗手的，就是水。	喝水 水果	
火	会发光发热、烧东西的，很烫，不能碰。	火车 大火	
木	树，还有树砍下来做桌子的木头。	木头 木马	
上	高的地方，在头顶那边。	上面 上学	
下	低的地方，在脚底那边。	下面 下雨	
中	正当中，不偏左也不偏右。	中间 中国	
手	我们拿东西、写字用的手。	小手 手指	
目	眼睛。看东西用的。	目光 题目	
田	种稻子、种菜的一块块地。	田地 水田	
土	地上的泥土，花草长在土里。	泥土 土地	
牛	会「哞哞」叫的大动物，会耕田，会产奶。	小牛 牛奶	
鸟	有翅膀、有羽毛、会飞的小动物。	小鸟 鸟儿	
天	抬头看到的蓝蓝的天空，也是一天的意思。	天空 今天	
了	放在句子最后，说事情已经做完了：我吃了。	吃了 好了	
力	力气。推东西、跑步都要用力。	力气 用力	
又	再一次，一遍又一遍。	又来 又大又红	
儿	小孩子，也是儿子。	儿子 女儿	👶
入	进去，走进门里面。	进入 入口	
几	问有多少个：你有几个苹果？	几个 几岁	
个	数东西的时候用：一个人、两个苹果。	一个 个子	
也	一样：你去，我也去。	也是 也有	
子	孩子，小孩子；也是儿子。	孩子 儿子	
于	在，在哪里。	于是 关于	
之	「的」的意思，在古诗里常见。	之后 总之	
么	和「什」连起来是「什么」，用来问问题。	什么 怎么	
与	和，跟：我与你。	参与 与其	
已	已经，事情之前就做完了。	已经 早已	
工	做活儿、干活。做工的人叫工人。	工人 工作	👷
己	自己，自个儿。	自己 知己	
门	进出房子要开的门。	开门 大门	
及	到，够得着；也是「和」的意思。	来得及 以及	
义	道理和意思。	意义 正义	
女	女孩、妈妈、奶奶都是女的。	女孩 女儿	
才	刚刚才做到；也指本领。	刚才 人才	
马	跑得很快的动物，人可以骑在上面。	小马 骑马	
不	不要，没有：我不吃。	不是 不要	
为	为了谁，为了什么。	因为 为了	
以	用，拿来做：可以。	可以 所以	
方	四四方方的形状，也是方向。	方向 地方	
分	把东西分开；也是时间的一分钟。	分开 分钟	
心	胸口里跳动的心脏，也是心里想的事。	心里 小心	
开	把门打开；花开了。	开门 开心	
从	从哪里来，从哪里开始。	从小 从前	
无	没有。	无数 无法	
长	长大，一点一点变高变大。	长大 成长	
公	大家的，不是一个人的；公公、公鸡。	公园 公鸡	
文	文字、文章。	语文 文字	
见	看见，看到了。	看见 再见	
什	和「么」连起来是「什么」。	什么 为什么	
内	里面，里头。	内心 室内	
化	变成另一个样子。	变化 化开	
比	比一比谁高谁矮。	比赛 比如	
认	认识，知道是谁、是什么。	认识 认真	
气	看不见的空气；也是生气的气。	天气 生气	
少	不多，一点点。	多少 少见	
反	反过来，倒过来。	相反 反对	
太	非常，特别：太好了。	太阳 太大	
计	算一算，想办法。	计算 计划	
区	一块地方。	地区 小区	
队	排成一排的一群人。	排队 队伍	
五	四后面的数，一只手有五个手指头。	五个 五月	
书	有很多字和画、可以看的本子。	看书 书包	
王	一个国家最大的那个人，国王。	大王 国王	
他	说别的男孩、男人的时候用。	他们 他的	
们	加在后面表示好多人：我们、你们。	我们 你们	
出	从里面到外面去。	出去 出来	
可	可以，能。	可以 可爱	
对	对的，没有错；也是面对面。	对了 对面	
生	生出来，活着；也是学生。	生日 学生	
发	发出去，送出去。	出发 发现	
用	拿来做事情：用笔写字。	有用 用心	
去	到别的地方：我去学校。	去年 回去	
主	最重要的那个，主人。	主人 主要	
本	一本书的本；也是本来。	课本 本来	
只	只有一个，不多。	只有 只是	
它	说动物或东西的时候用。	它们 它的	
民	老百姓，大家。	人民 农民	
正	正好，不歪不斜。	正好 正在	
业	做的事情，作业、职业。	作业 毕业	
外	外面，外头。	外面 外国	
由	从哪儿来，为什么。	自由 由于	
头	脑袋，脖子上面的头。	头发 石头	
加	加上，放进去变多。	加法 加油	
代	替别人做；也是一个时代。	代替 时代	
世	世界，整个天下。	世界 世上	
东	太阳升起来的那个方向。	东西 东方	
立	站起来，站着。	站立 立正	
处	地方。	到处 好处	
平	平平的，不高不低。	平安 水平	
尔	你，古诗里的说法。	尔后 偶尔	
打	用手敲，用手打；也是打球、打电话。	打球 打开	
四	三后面的数，桌子有四条腿。	四个 四月	
电	让灯亮、让电视开的看不见的电。	电话 电视	
务	要做的事情。	任务 服务	
必	一定要，必须。	必须 必要	
市	城市，很多人住的大地方；也是市场。	城市 超市	
司	管事情。	公司 司机	
白	像雪一样的颜色。	白色 白天	
且	并且，而且。	而且 并且	
记	记住，记在心里或写下来。	记住 日记	
北	和南相反的方向，指南针指的方向。	北方 北京	
边	旁边，边上。	旁边 一边	
在	在哪里：我在家。	在家 现在	
有	有东西，和「没有」相反。	有的 没有	
地	大地，地面；也放在词后面：慢慢地走。	土地 地上	
会	会做，学会了；也是开会。	学会 开会	
而	而且，还有。	而且 然而	
那	远一点的那个，和「这」相反。	那个 那里	
自	自己。	自己 自从	
年	一年有十二个月，过年。	新年 今年	
过	走过去；也是过去了。	过去 过年	
后	后面，后来。	后面 后来	
行	走路；也是可以、行。	行走 不行	
成	变成，做成了。	成为 成功	
多	很多，不少。	很多 多少	
如	像，好像；如果。	如果 比如	
同	一样，相同；一起。	同学 一同	
当	当什么：当老师。	当时 当然	
动	动一动，不是停着的。	动物 运动	
好	好的，很棒。	你好 好人	
她	说女孩、女人的时候用。	她们 她的	
因	因为，为什么。	因为 原因	
军	军队，保护国家的人。	军人 军队	
机	机器；也是飞机。	飞机 机器	
此	这个，这里。	此时 因此	
全	全部，所有的。	全部 安全	
关	把门关上，和「开」相反。	关门 关心	
问	不懂就问问题。	问题 请问	
并	并且，一起。	并且 合并	
向	朝着那个方向。	方向 向前	
产	生出来，做出来。	生产 产生	
西	太阳落下去的那个方向。	西方 东西	
合	合在一起，合起来。	合作 合上	
回	回去，回来。	回家 回来	
老	年纪很大，和「小」「新」相反。	老人 老师	👴
次	一次、两次，做了几回。	一次 下次	
任	任务，要做的事。	任务 任何	
先	先做的，排在前面。	先生 首先	
名	名字。	名字 有名	
论	讨论，大家一起说。	讨论 无论	
各	每一个，各自。	各位 各种	
安	平安，安静。	安全 安静	
再	再来一次。	再见 再来	
场	一块大大的空地，操场。	操场 广场	
件	数衣服、事情的时候用：一件衣服。	一件 文件	
许	可以，允许；许多。	许多 也许	
至	到。	至少 甚至	
决	决定，定下来。	决定 解决	
则	规则，规矩。	规则 原则	
达	到了，达到。	到达 表达	
光	亮光，太阳光；也是用完了。	阳光 光明	
权	权力，说了算。	权力 权利	
设	设计，安排好。	设计 建设	
式	样子，方式。	方式 样式	
色	颜色。	颜色 红色	
死	不活了，和「活」相反。	死去 死亡	
我	自己：我是小学生。	我们 我的	
这	近一点的这个，和「那」相反。	这个 这里	
来	过来，到这里。	回来 来了	
时	时间，时候。	时间 小时	
你	对面和你说话的那个人。	你们 你好	
作	做，干活。	作业 工作	
里	里面；也是路的长度，一里。	里面 这里	
没	没有。	没有 没事	
还	还有，还要；也是还回去。	还有 还是	
进	走进来，往前进。	进来 进步	
但	但是，可是。	但是 不但	
把	一只手把住、拿住。	把手 一把	
两	两个，二的另一种说法。	两个 两天	
间	中间，房间。	中间 房间	
应	应该，应当。	应该 应当	
体	身体。	身体 体育	
利	好处；也是锋利。	胜利 顺利	
身	身子，身体。	身体 身上	
位	位置，地方；数人的时候用：一位老师。	位置 一位	
声	声音，耳朵听到的。	声音 大声	
员	一群人里的一个人。	队员 演员	
走	用脚一步一步走。	走路 走开	
条	长长的东西：一条鱼、一条路。	一条 面条	
系	关系，连在一起。	关系 联系	
更	更加，更多。	更加 更好	
别	别的，另外的；不要。	别人 别的	
何	什么，为什么。	如何 任何	
报	告诉大家消息；也是报纸。	报纸 报告	
克	战胜，克服；也是重量的克。	克服 千克	
形	形状，样子。	形状 图形	
社	大家一起的地方。	社会 社区	
听	用耳朵听声音。	听见 听话	
却	可是，但是。	却是 冷却	
即	就是，马上。	立即 即使	
完	做完了，结束。	完成 做完	
住	住在家里；也是停住。	住在 住家	
告	告诉别人。	告诉 报告	
求	请求，想要别人帮忙。	要求 请求	
张	张开嘴巴；数纸的时候用：一张纸。	一张 张开	
的	我的、你的，谁的东西。	我的 好的	
和	和、跟：我和你。	和平 和好	
国	国家，中国、丹麦都是国。	中国 国家	
到	到了，走到那里。	到了 来到	
所	地方，所以。	所以 所有	
事	事情。	事情 故事	
经	经过，走过去。	经过 已经	
法	办法，方法。	办法 方法	
学	学习，学会新东西。	学习 学校	
现	现在；也是出现。	现在 发现	
定	定下来，一定。	一定 决定	
其	它的，他的。	其实 其他	
些	一些，几个。	一些 这些	
实	真实的；也是果实。	其实 果实	
者	做这件事的人：记者。	记者 作者	
使	让，叫；派去。	使用 即使	
明	亮亮的，很清楚；也是明天。	明天 明白	
性	本性，性格。	性格 性别	
知	知道。	知道 知识	
物	东西。	动物 礼物	
或	或者，这个或那个。	或者 或是	
制	做出来，制作。	制作 制造	
果	树上结的果子；也是结果。	水果 苹果	
话	说的话。	说话 电话	
表	手表；也是表演。	手表 表演	
变	变了，和原来不一样。	变化 变成	
受	接受，受到。	接受 受伤	
建	盖房子，建造。	建设 建造	
直	直直的，不弯。	一直 直线	
命	生命；也是命令。	生命 命令	
金	金子，黄金，很贵。	黄金 金色	
空	空的，里面什么都没有；也是天空。	天空 空气	
治	治病，管理。	治病 治理	
非	不是。	非常 是非	
放	放下，放在那里。	放学 放下	
是	是的，对的。	是的 不是	
说	说话。	说话 听说	
要	想要，需要。	需要 重要	
种	种子，种类。	种子 各种	
面	脸；也是面条、面前。	面条 前面	
看	用眼睛看。	看见 看书	
前	前面，和「后」相反。	前面 以前	
点	小小的一点；也是几点钟。	一点 点头	
将	将要，快要。	将来 将要	
很	非常。	很好 很多	
重	很重，拿不动；和「轻」相反。	重要 很重	
战	打仗，战斗。	战斗 战争	
政	管理国家的事。	政府 政治	
美	漂亮，好看。	美丽 美好	
相	互相，你看我我看你。	相信 互相	
信	相信；也是写的信。	相信 写信	
给	给别人东西。	送给 给你	
度	温度，有多热多冷。	温度 一度	
活	活着；也是做活儿。	生活 活动	
神	神仙；也是精神。	精神 神奇	
总	总是，一直都是。	总是 总共	
结	打结；也是结束。	结果 结束	
指	手指头；用手指着。	手指 指着	
统	统一，合成一个。	统一 总统	
保	保护，看好。	保护 保证	
便	方便，容易。	方便 便利	
科	一门学问，科学。	科学 学科	
界	世界；边界。	世界 边界	
思	想，思考。	思想 意思	
南	和北相反的方向。	南方 南边	
品	东西，物品。	作品 物品	
类	一类一类，种类。	种类 人类	
能	能够，会。	能力 可能	
家	我们住的地方，爸爸妈妈和我。	回家 家人	
都	全部，都是。	都是 全都	
起	起来，起床。	起床 一起	
部	一部分。	部分 全部	
样	样子。	样子 一样	
高	很高，和「矮」相反。	高大 高兴	
被	盖在身上的被子；也是「被」别人怎么样。	被子 被动	
特	特别，不一样。	特别 特点	
海	很大很大的水，大海。	大海 海边	
通	通过，走得通。	通过 交通	
原	原来；也是平原。	原来 草原	
真	真的，不是假的。	真的 认真	
资	钱和东西。	资料 工资	
展	展开，展览。	展开 发展	
难	很难，不容易。	困难 难题	
得	得到，拿到。	得到 取得	
着	放在词后面：看着、坐着。	看着 坐着	
理	道理；也是整理。	道理 整理	
第	第一、第二，排顺序。	第一 第二	
情	心情，感情。	心情 事情	
常	常常，经常。	常常 经常	
教	教书，教别人。	教室 教师	
做	做事情，做作业。	做饭 做事	
接	接住，接到。	接住 接着	
基	最底下的，基础。	基本 基础	
眼	眼睛。	眼睛 眼前	👁️
象	大象，鼻子很长的动物。	大象 象牙	
据	根据，按照。	根据 据说	
就	就是，马上。	就是 就要	
道	路；也是知道。	知道 道路	
然	这样。	然后 自然	
最	最好、最大，第一名。	最好 最大	
等	等一等；也是等于。	等待 等于	
斯	这个，古时候的说法。	斯文 瓦斯	
提	提起来，拿起来。	提高 提问	
量	数量，有多少。	数量 力量	
期	一段时间。	日期 星期	
强	很强，力气大。	坚强 强大	
程	路程，过程。	过程 程度	
想	想一想，想念。	想念 想法	
意	意思，心意。	意思 注意	
新	新的，和「旧」相反。	新年 新鲜	
解	解开，弄明白。	了解 解开	
数	数字，一二三四。	数字 数学	
感	感觉，感到。	感觉 感谢	
像	好像，像什么。	好像 画像	
路	走的路。	走路 马路	
管	管着，管理；也是管子。	管理 水管	
题	题目，问题。	问题 题目	
德	品德，好的品行。	道德 品德	
九	八后面的数，十前面的数。	九个 九月	
八	七后面的数。	八个 八月	
七	六后面的数，一个星期有七天。	七个 七月	
万	很大很大的数，一万是一百个一百。	一万 万一	
飞	鸟儿在天上飞，飞机也会飞。	飞机 飞鸟	
干	做事情，干活；也是干干的，没有水。	干活 干净	
士	有本领的人，战士、博士。	战士 博士	
广	很宽，很大。	广场 广大	
千	很大的数，一千是十个一百。	一千 千万	
久	时间很长。	很久 长久	
卫	保护，看守。	保卫 卫生	
习	练习，学习。	学习 练习	
今	现在，今天。	今天 今年	
切	用刀切开。	切开 一切	
风	吹过来的风，看不见，能吹动树叶。	大风 风车	
车	在路上跑的车，有轮子。	汽车 火车	
办	办事情，想办法。	办法 办公	
元	钱的单位，一元钱；也是第一。	一元 元旦	
夫	丈夫；大夫是医生。	丈夫 大夫	
支	支持，撑住；数笔的时候用：一支笔。	一支 支持	
片	薄薄的一片：一片叶子。	一片 卡片	
六	五后面的数。	六个 六月	
引	拉过来，带路。	吸引 引起	
历	经过的事；也是日历。	日历 经历	
专	专门，专心。	专心 专门	
仅	只有，就这么一点。	仅仅 不仅	
巴	巴着，贴着；尾巴、嘴巴。	尾巴 嘴巴	
斗	打斗，比赛。	战斗 斗争	
双	一对，两个：一双手。	双手 一双	
父	爸爸。	父亲 父母	👨
友	朋友。	朋友 友好	
止	停下来。	停止 止住	
仍	还是，仍然。	仍然 仍旧	
毛	身上的毛，动物的毛。	毛笔 羽毛	
云	天上白白的、软软的云朵。	白云 云朵	
术	本领，手艺。	艺术 美术	
让	让给别人，让一让。	让开 谦让	
议	商量，讨论。	会议 建议	
失	丢了，失去。	失去 丢失	
令	命令，叫别人做。	命令 口令	
布	做衣服的布。	布料 棉布	
未	还没有。	未来 未必	
叫	大声叫；也是名字叫什么。	叫声 叫做	
台	高起来的平地，舞台。	舞台 台上	
击	打，敲。	打击 击打	
石	硬硬的石头。	石头 石子	
示	给别人看，表示。	表示 出示	
写	用笔写字。	写字 写作	
功	本领；也是功劳。	成功 功课	
包	包起来；也是书包。	书包 面包	
史	过去的事情，历史。	历史 史书	
乎	古时候的语气词：几乎。	几乎 似乎	
号	号码，数字；也是日子：五号。	号码 几号	
另	另外的，别的。	另外 另一个	
古	很久很久以前。	古诗 古代	
半	一半，分成两份的一份。	一半 半天	
节	节日；也是一节课。	节日 春节	
母	妈妈。	母亲 父母	👩
乐	快乐，高兴。	快乐 乐园	
印	印上去，印章。	印章 脚印	
兰	兰花，一种很香的花。	兰花 玉兰	
尼	尼姑；也用在外国名字里。	尼龙 印尼	
龙	传说里会飞、会下雨的神奇动物。	龙舟 恐龙	
句	一句话。	句子 一句	
汉	汉字、汉语，就是中文。	汉字 汉语	
卡	卡片。	卡片 卡车	
交	交给别人；也是交朋友。	交给 交通	
共	一起，一共。	一共 公共	
传	传给别人。	传说 传给	
师	老师。	老师 师傅	👩‍🏫
观	看，参观。	观看 参观	
导	带路，指导。	导游 领导	
争	抢着要，争吵。	争吵 争取	
收	收起来，收到。	收到 收拾	
存	存起来，留着。	存在 保存	
字	写出来的字，汉字。	汉字 写字	
团	圆圆的一团；也是团队。	团结 团圆	
百	十个十就是一百。	一百 百分	
价	价钱，多少钱。	价钱 价格	
华	中华，就是中国。	中华 华人	
级	年级，等级。	年级 班级	
亚	亚洲，中国和丹麦都在亚洲和欧洲。	亚洲 亚军	
约	约好，说好时间。	约定 大约	
似	好像，差不多。	好似 相似	
企	企鹅；也是企业。	企鹅 企业	
吗	放在句子最后问问题：好吗？	好吗 是吗	
早	早上；也是早一点，和「晚」相反。	早上 早饭	
农	种田的人，农民。	农民 农场	
吃	吃东西，吃饭。	吃饭 好吃	
尽	用完，到头了。	尽力 尽量	
考	考试，考一考。	考试 思考	
列	排成一列。	排列 列车	
红	像苹果、像国旗一样的颜色。	红色 红花	
众	很多人。	群众 众人	
划	划船；也是划一下。	划船 划开	
兴	高兴，有兴趣。	高兴 兴趣	
防	防止，不让坏事发生。	防止 消防	
讲	讲话，讲故事。	讲话 讲故事	
米	大米，煮成米饭；也是长度的一米。	大米 米饭	
江	很大的河，长江。	长江 江水	
纪	纪念，记下来。	纪念 世纪	
杀	杀死。	杀虫 杀死	
网	网子；也是上网。	上网 网络	
刚	刚才，刚刚。	刚才 刚刚	
创	创造，做出新东西。	创造 创新	
阳	太阳。	太阳 阳光	
血	身体里红色的血。	血液 流血	
伤	受伤，弄疼了。	受伤 伤心	
欢	高兴，喜欢。	喜欢 欢迎	
充	充满，充电。	充电 充满	
负	背着，负责。	负责 负担	
冲	冲过去，用水冲。	冲洗 冲锋	
异	不一样，奇怪。	奇异 异常	
州	一块大地方，古时候的说法。	广州 杭州	
识	认识，知道。	认识 知识	
运	搬运；也是运气。	运动 幸运	
步	一步一步走。	走步 散步	
改	改正，改掉。	改正 改变	
言	说的话，语言。	语言 发言	
每	每一个，每天。	每天 每个	
极	最，到了头。	极了 北极	
快	很快，和「慢」相反；也是快乐。	快乐 快点	
证	证明，证据。	证明 证据	
近	很近，离得不远。	近处 附近	
远	很远，离得不近。	远处 远方	
兵	当兵的，士兵。	士兵 兵马	
连	连在一起。	连接 连忙	
花	开出来的花，很好看。	花朵 开花	
况	情况，怎么样。	情况 何况	
技	本领，技术。	技术 科技	
际	边上；国际。	国际 实际	
究	仔细地弄明白。	研究 究竟	
找	找东西，寻找。	寻找 找到	
吧	放在句子最后：走吧。	好吧 走吧	
阿	叫人的时候加在前面：阿姨。	阿姨 阿婆	
李	李子，一种水果；也是姓。	李子 行李	
医	医生，给人看病的人。	医生 医院	
局	一个地方；也是一局比赛。	邮局 一局	
希	希望。	希望 希奇	
投	扔过去。	投篮 投球	
陈	摆出来；也是旧的。	陈旧 陈列	
足	脚；也是足够。	足球 满足	
护	保护，照顾。	保护 护士	
志	志向，想做的事。	志向 同志	
严	严格，很认真。	严格 严重	
批	一批一批；也是批评。	批评 一批	
围	围起来，围住。	周围 围巾	
攻	攻打，进攻。	进攻 攻击	
苏	醒过来；也是姓。	苏醒 苏州	
低	很低，和「高」相反。	低头 高低	
诉	告诉。	告诉 诉说	
男	男孩、爸爸、爷爷都是男的。	男孩 男人	
助	帮助。	帮助 助手	
坐	坐下来。	坐下 坐车	
否	不是，不对。	是否 否则	
状	样子，形状。	形状 状态	
初	开始，第一次。	最初 初中	
陆	陆地，有土的地方。	陆地 大陆	
劳	干活，劳动。	劳动 辛劳	
财	钱和财产。	财富 发财	
纳	收进来，接受。	接纳 采纳	
层	一层一层，楼层。	一层 楼层	
冷	很冷，和「热」相反。	冷水 寒冷	
村	乡下人住的小地方，村子。	村子 农村	
判	判断，判定。	判断 裁判	
该	应该。	应该 该做	
规	规矩，规则。	规则 规矩	
取	拿过来。	取出 取得	
拉	拉过来，和「推」相反。	拉手 拉开	
组	小组。	小组 组成	
林	很多树在一起，树林。	树林 森林	
服	衣服；也是服气。	衣服 服装	👕
往	去，朝那边去。	往前 来往	
英	英雄；英国、英语。	英雄 英语	
转	转圈，转过去。	转身 转动	
始	开始。	开始 始终	
呢	放在句子最后：你呢？	你呢 呢子	
单	一个，单独；也是名单。	简单 单独	
具	工具；也是家具。	工具 玩具	
罗	网；也是罗马、罗列。	罗列 罗马	
备	准备。	准备 预备	
质	东西的本质，质量。	质量 物质	
府	官府，政府。	政府 王府	
线	细细长长的线。	线条 电线	
官	做官的人，官员。	警官 官员	
视	看。	电视 视力	
委	委员；也是委屈。	委员 委屈	
易	容易，不难。	容易 简易	
图	图画，地图。	图画 地图	
念	想念；也是读。	想念 念书	
周	一个星期；也是周围。	周末 周围	
注	注意；也是注水。	注意 注入	
青	青色，蓝绿色；也是年轻。	青草 青年	
武	打仗的本领，武术。	武术 武器	
势	力气，样子。	姿势 气势	
参	参加。	参加 参观	
构	搭起来，结构。	结构 构成	
房	房子，房间。	房子 房间	
态	样子，态度。	态度 状态	
责	责任，要负责。	责任 负责	
底	最下面。	底下 海底	
例	例子。	例如 例子	
供	提供，给。	提供 供应	
终	最后。	终于 最终	
奇	奇怪，神奇。	奇怪 神奇	
京	首都，北京。	北京 京城	
依	靠着，依照。	依靠 依然	
河	河水，比江小一点的水。	小河 河水	
织	织毛衣，织布。	织布 组织	
采	摘下来。	采花 采用	
细	细细的，和「粗」相反。	细心 仔细	
育	教育，培养。	教育 体育	
限	界限，到此为止。	无限 限制	
刻	刻字；也是一刻钟。	刻字 时刻	
怕	害怕。	害怕 可怕	
苦	苦的味道；也是辛苦。	辛苦 苦瓜	
承	接住，承担。	承认 承担	
试	试一试。	考试 试试	
股	一股一股；也是屁股。	屁股 股票	
若	如果，好像。	若是 假若	
波	水波，波浪。	水波 波浪	
夜	晚上，天黑了。	夜晚 黑夜	
述	说出来，讲述。	讲述 叙述	
居	住。	居住 邻居	
环	圆圆的环；也是周围。	环境 耳环	
范	榜样；也是范围。	模范 范围	
担	挑着，担心。	担心 担任	
觉	感觉；也是睡觉。	感觉 觉得	
院	院子，医院。	医院 院子	
带	带着，带子。	带来 皮带	
持	拿着，坚持。	坚持 保持	
济	帮助。	经济 救济	
亲	亲人，爸爸妈妈；也是亲一亲。	亲人 母亲	
怎	怎么。	怎么 怎样	
城	城市，很多房子和人的地方。	城市 长城	
复	再一次，复习。	复习 重复	
须	必须。	必须 胡须	
研	仔细地弄明白。	研究 钻研	
查	检查，查一查。	检查 查看	
轻	很轻，和「重」相反。	轻松 年轻	
除	除掉，去掉。	除了 除法	
显	显出来，看得见。	明显 显示	
标	标记，目标。	目标 标准	
首	头；也是第一。	首先 首都	
突	突然，一下子。	突然 突出	
费	花钱，花力气。	浪费 学费	
语	说的话，语言。	语文 语言	
选	选一选，挑一个。	选择 选手	
响	发出声音。	响声 影响	
虽	虽然。	虽然 虽说	
某	某一个，不说出名字。	某人 某天	
革	皮革；也是改变。	皮革 改革	
律	规矩，法律。	法律 纪律	
派	派人去；也是一派。	派出 派对	
孩	小孩子。	孩子 小孩	🧒
星	晚上天上一闪一闪的星星。	星星 星期	
音	声音。	声音 音乐	
施	做，实施。	施工 实施	
型	样子，类型。	类型 模型	
绝	断了；也是最。	绝对 拒绝	
段	一段一段。	一段 段落	
项	一项一项；也是脖子后面。	项目 项链	
故	原因；也是老的、从前的。	故事 故乡	
按	用手按；也是按照。	按时 按照	
客	客人。	客人 客气	
举	举起来。	举手 举起	
帝	皇帝，古时候的国王。	皇帝 上帝	
威	很厉害、让人怕的样子。	威风 威力	
甚	很，非常。	甚至 甚好	
独	一个人，单独。	单独 独自	
哪	哪一个，用来问。	哪里 哪个	
送	送给别人；也是送人回家。	送给 送礼	🎁
急	着急，很快。	着急 急忙	
药	生病吃的药。	吃药 药水	
适	合适，正好。	合适 舒适	
省	节省；也是一个省。	节省 省心	
食	吃的东西。	食物 零食	
险	危险。	危险 保险	
待	等待；也是对待。	等待 对待	
树	长在地上，有树干、树枝、树叶。	大树 树叶	
洲	一大块陆地，亚洲、欧洲。	亚洲 欧洲	
室	房间，教室。	教室 卧室	
哈	笑的声音：哈哈。	哈哈 哈气	😆
格	一格一格的格子。	格子 方格	
候	时候；也是等候。	时候 气候	
笑	高兴的时候脸上笑起来。	笑话 微笑	
根	树根，最下面的那部分。	树根 根本	
造	做出来，造房子。	制造 造句	
准	准确；也是准备。	准备 准时	
爱	很喜欢，爱爸爸妈妈。	爱心 可爱	
流	水往下流。	流水 河流	
调	声调，一声二声；也是调查。	声调 调查	
党	一个团体。	党员 政党	
离	离开，分开。	离开 距离	
请	请别人做事，很有礼貌。	请问 请坐	
病	生病了，不舒服。	生病 病人	
息	休息；也是消息。	休息 消息	
消	不见了，消失。	消失 消息	
容	装得下；也是容易。	容易 内容	
称	叫做；也是称重量。	名称 称呼	
谈	聊天，谈话。	谈话 谈心	
较	比较。	比较 较量	
案	答案；也是案子。	答案 方案	
敌	敌人，坏人。	敌人 敌对	
致	送给；也是一致。	一致 导致	
验	试一试看对不对。	实验 经验	
站	站着；也是车站。	站立 车站	
效	效果，有用。	效果 有效	
留	留下来。	留下 留言	
料	材料，用来做东西的。	材料 布料	
紧	紧紧的，不松。	紧张 紧紧	
害	害怕；也是坏处。	害怕 害虫	
值	值钱，有价值。	价值 值得	
钱	买东西用的钱。	钱包 零钱	
破	破了，坏了。	破了 打破	
热	很热，和「冷」相反。	热水 热闹	
倒	倒下去；也是倒水。	倒下 倒水	
速	快，速度。	速度 快速	
般	一样，一般。	一般 这般	
校	上学的地方，学校。	学校 校园	
拿	用手拿。	拿着 拿走	
脑	脑袋，头脑。	大脑 电脑	🧠
预	事先，提前。	预习 预备	
谁	哪一个人。	是谁 谁的	
益	好处。	有益 益处	
继	接着，继续。	继续 继承	
素	朴素，简单；也是蔬菜。	朴素 素菜	
获	得到。	收获 获得	
射	射出去。	射箭 射击	
望	看远处；也是希望。	希望 看望	
领	带领；也是衣领。	领导 领子	
清	水很清；也是清楚。	清水 清楚	
深	很深，和「浅」相反。	深水 深浅	
商	做买卖。	商店 商人	
断	断开，断掉。	断开 判断	
随	跟着。	随便 跟随	
推	推过去，和「拉」相反。	推开 推车	
维	保持，维护。	维护 维持	
营	营地；也是营养。	营养 军营	
够	够了，足够。	足够 够了	
章	文章；也是印章。	文章 印章	
族	一家人，民族。	民族 家族	
续	接着，继续。	继续 连续	
黄	像香蕉一样的颜色。	黄色 黄瓜	
密	很密，很紧；也是秘密。	秘密 密码	
船	在水上走的船。	小船 船长	
脸	脸蛋，脑袋前面有眼睛鼻子嘴巴的地方。	笑脸 脸蛋	
职	工作，职业。	职业 职员	
率	带领；也是比率。	率领 效率	
球	圆圆的球，可以踢可以拍。	皮球 足球	
弹	子弹；也是弹起来。	子弹 弹跳	
假	假的，不是真的；也是放假。	真假 假装	
晚	晚上；也是晚了，和「早」相反。	晚上 晚饭	
惊	吓一跳。	惊讶 吃惊	
排	排队，排好。	排队 排列	
停	停下来。	停止 停车	
略	简单一点；也是计划。	省略 略微	
竟	竟然，没想到。	竟然 究竟	
确	确定，真的。	确定 正确	
联	连在一起。	联系 联合	
集	聚在一起。	集合 集中	
越	越来越，超过。	越过 越来越	
曾	以前，曾经。	曾经 不曾	
装	装东西；也是穿衣服。	服装 假装	
落	掉下来。	落下 落叶	
黑	像夜晚一样的颜色，和「白」相反。	黑色 黑板	
答	回答问题。	回答 答案	
朝	朝着那个方向；也是早上。	朝向 朝阳	
属	属于，是谁的。	属于 金属	
普	普通，到处都有。	普通 普遍	
喜	喜欢，高兴。	喜欢 喜事	
游	在水里游泳；也是游玩。	游泳 旅游	
策	办法，计划。	政策 对策	
满	满了，装不下了。	满意 满足	
照	光照过来；也是照相。	照片 照顾	
跟	跟着，和。	跟着 跟随	
群	一群，很多在一起。	一群 群众	
错	错了，不对。	错误 不错	
微	很小一点点。	微笑 微小	
源	水流出来的地方，来源。	水源 来源	
置	放。	位置 布置	
福	幸福，好运气。	幸福 福气	
雷	下雨天「轰隆隆」的雷声。	打雷 雷雨	
简	简单。	简单 简直	
罪	做了坏事。	犯罪 罪过	
算	算一算数。	计算 算术	
需	需要。	需要 必需	
精	很细很好；也是精神。	精神 精彩	
察	仔细看。	观察 警察	
境	地方，环境。	环境 境界	
愿	愿意，愿望。	愿意 愿望	
模	模仿，样子。	模型 模仿	
疑	怀疑，不相信。	怀疑 疑问	
演	表演。	表演 演员	
影	影子，太阳底下黑黑的影子。	影子 电影	
增	增加，变多。	增加 增长	
整	整个，整齐。	整齐 整个	
器	用的工具，机器。	机器 乐器	
激	激动，水花激起来。	激动 感激	
警	警察；也是警告。	警察 警告	👮
